                        ,   Object create,   Serialization, Deserialization,      Total Time, Serialized Size
kryo                    ,        77.45473,      3570.39650,      2220.67450,      5868.52573,        236
kryo-optimized          ,        73.89616,      3599.40400,      2412.61550,      6085.91566,        217
kryo-compressed         ,        83.64702,     23426.01350,      4898.24150,     28407.90202,        127
protobuf                ,       221.58725,      3007.45900,      1998.95350,      5227.99975,        231
java                    ,        77.19895,     10969.64300,     47893.20500,     58940.04695,        919
