                        ,   Object create,   Serialization, Deserialization,      Total Time, Serialized Size
kryo                    ,        79.25919,      3433.81500,      2286.00550,      5799.07969,        239
kryo-optimized          ,        77.48579,      3378.09750,      2366.12500,      5821.70829,        219
kryo-compressed         ,        74.97469,     24315.68450,      4908.44500,     29299.10419,        129
protobuf                ,       174.51891,      3017.47100,      2075.43000,      5267.41991,        231
java                    ,        77.93354,     10486.48200,     46238.92750,     56803.34304,        919
