                        ,   Object create,   Serialization, Deserialization,      Total Time, Serialized Size
kryo                    ,        87.84371,      2558.06550,      2283.89650,      4929.80571,        165
kryo-optimized          ,        77.66231,      2594.95900,      2417.62050,      5090.24181,        145
kryo-compressed         ,        77.18023,     21138.94850,      4741.86350,     25957.99222,        105
protobuf                ,       167.86343,      3100.27700,      1906.35150,      5174.49193,        231
java                    ,        78.91152,     10445.36400,     46332.49400,     56856.76952,        845
