                        ,   Object create,   Serialization, Deserialization,      Total Time, Serialized Size
kryo                    ,        78.74320,      2505.60150,      1894.04050,      4478.38520,        166
kryo-optimized          ,        77.69452,      2565.16400,      2190.11700,      4832.97552,        146
kryo-compressed         ,        79.24318,     19882.04900,      3863.97300,     23825.26518,        106
protobuf                ,       172.44643,      2827.02350,      1605.45700,      4604.92693,        217
java                    ,        79.34122,      9892.12500,     43916.45400,     53887.92022,        845
